<?xml version="1.0" encoding="UTF-8"?>
<project-private xmlns="http://www.netbeans.org/ns/project-private/1">
    <editor-bookmarks xmlns="http://www.netbeans.org/ns/editor-bookmarks/2" lastBookmarkId="0"/>
    <open-files xmlns="http://www.netbeans.org/ns/projectui-open-files/2">
        <group>
            <file>file:/C:/Users/Hive/Desktop/ερώτημα%205/Ask2/src/ask2/DepartmentData.java</file>
            <file>file:/C:/Users/Hive/Desktop/ερώτημα%205/Ask2/src/ask2/AllData.java</file>
            <file>file:/C:/Users/Hive/Desktop/ερώτημα%205/Ask2/src/ask2/Ask2Frame.java</file>
            <file>file:/C:/Users/Hive/Desktop/ερώτημα%205/Ask2/src/ask2/StatementData.java</file>
            <file>file:/C:/Users/Hive/Desktop/ερώτημα%205/Ask2/src/ask2/ClassroomData.java</file>
            <file>file:/C:/Users/Hive/Desktop/ερώτημα%205/Ask2/src/ask2/LessonData.java</file>
            <file>file:/C:/Users/Hive/Desktop/ερώτημα%205/Ask2/src/ask2/StudentData.java</file>
            <file>file:/C:/Users/Hive/Desktop/ερώτημα%205/Ask2/src/ask2/ProfessorData.java</file>
        </group>
    </open-files>
</project-private>
